,max,mean,median,min,rmse,sse,std
odom,0.32032955916525835,0.2640077433591426,0.2623834849823854,0.2119753464862377,0.2660690568935164,23.220019715875324,0.033055324572878325
odom_incremental,0.06385664170442028,0.02603376390577495,0.02485819379896017,0.001063867417562969,0.028129270293219353,0.36081266633642073,0.010653590198959327
